{"cameraMode":{"drawMode":0,"name":"Shaded","section":"Shading Mode"},"sceneLighting":false,"audioPlay":false,"sceneViewState":{"m_AlwaysRefresh":false,"showFog":true,"showSkybox":false,"showFlares":true,"showImageEffects":true,"showParticleSystems":true,"showVisualEffectGraphs":true,"m_FxEnabled":true},"in2DMode":false,"pivot":{"x":-0.04873180389404297,"y":0.8717619776725769,"z":-0.08034861087799072},"rotation":{"x":0.2703172564506531,"y":-0.6383912563323975,"z":0.2555481791496277,"w":0.6732650399208069},"size":1.8709722757339478,"orthographic":false}