{"cameraMode":{"drawMode":0,"name":"Shaded","section":"Shading Mode"},"sceneLighting":true,"audioPlay":false,"sceneViewState":{"m_AlwaysRefresh":false,"showFog":true,"showSkybox":true,"showFlares":true,"showImageEffects":true,"showParticleSystems":true,"showVisualEffectGraphs":true,"m_FxEnabled":true},"in2DMode":false,"pivot":{"x":0.09346849471330643,"y":9.61759090423584,"z":-2.8876869678497316},"rotation":{"x":0.4052107036113739,"y":0.017830362543463708,"z":-0.007885707542300225,"w":0.9139739274978638},"size":4.347399711608887,"orthographic":false}