{"cameraMode":{"drawMode":0,"name":"Shaded","section":"Shading Mode"},"sceneLighting":true,"audioPlay":false,"sceneViewState":{"m_AlwaysRefresh":false,"showFog":true,"showSkybox":true,"showFlares":true,"showImageEffects":true,"showParticleSystems":true,"showVisualEffectGraphs":true,"m_FxEnabled":true},"in2DMode":false,"pivot":{"x":-11.683975219726563,"y":-6.624547958374023,"z":1.0644129514694214},"rotation":{"x":0.33758097887039187,"y":-0.5515689253807068,"z":0.25943320989608767,"w":0.7172414660453796},"size":12.461819648742676,"orthographic":false}