{"cameraMode":{"drawMode":0,"name":"Shaded","section":"Shading Mode"},"sceneLighting":false,"audioPlay":false,"sceneViewState":{"m_AlwaysRefresh":false,"showFog":true,"showSkybox":false,"showFlares":true,"showImageEffects":true,"showParticleSystems":true,"showVisualEffectGraphs":true,"m_FxEnabled":true},"in2DMode":false,"pivot":{"x":0.07816505432128906,"y":0.8844987154006958,"z":0.1623976230621338},"rotation":{"x":0.2148531824350357,"y":-0.7111240029335022,"z":0.24468456208705903,"w":0.6224751472473145},"size":1.9966864585876465,"orthographic":false}