{"cameraMode":{"drawMode":0,"name":"Shaded","section":"Shading Mode"},"sceneLighting":false,"audioPlay":false,"sceneViewState":{"m_AlwaysRefresh":false,"showFog":true,"showSkybox":false,"showFlares":true,"showImageEffects":true,"showParticleSystems":true,"showVisualEffectGraphs":true,"m_FxEnabled":true},"in2DMode":false,"pivot":{"x":-0.4101088047027588,"y":0.5441961288452148,"z":5.944337368011475},"rotation":{"x":0.33125078678131106,"y":-0.1741015464067459,"z":0.062331557273864749,"w":0.9252054691314697},"size":7.582229137420654,"orthographic":false}