{"cameraMode":{"drawMode":0,"name":"Shaded","section":"Shading Mode"},"sceneLighting":false,"audioPlay":false,"sceneViewState":{"m_AlwaysRefresh":false,"showFog":true,"showSkybox":false,"showFlares":true,"showImageEffects":true,"showParticleSystems":true,"showVisualEffectGraphs":true,"m_FxEnabled":true},"in2DMode":false,"pivot":{"x":-0.8410781621932983,"y":5.819183826446533,"z":2.729193687438965},"rotation":{"x":-0.23553822934627534,"y":0.20563654601573945,"z":-0.049986813217401507,"w":-0.9479309916496277},"size":1.7320507764816285,"orthographic":false}